{"0": [[0.42458356265724784, 0.8160749281236803], [-0.15959218282070925, 0.9730919338988813], [1.9429270965622503, -0.08157835033448545], [1.5689299588672112, -0.4855732749477595], [-0.20226349159777088, -0.0015399818782731083], [0.3614061989819221, -0.2820554653835054]], "1": [[1.4245835626572478, 1.8160749281236803], [0.8404078171792908, 1.9730919338988813], [2.9429270965622503, 0.9184216496655145], [2.568929958867211, 0.5144267250522405], [0.7977365084022291, 0.9984600181217269], [1.3614061989819222, 0.7179445346164945]], "2": [[2.424583562657248, 2.8160749281236805], [1.8404078171792908, 2.973091933898881], [3.9429270965622503, 1.9184216496655146], [3.568929958867211, 1.5144267250522405], [1.7977365084022292, 1.998460018121727], [2.361406198981922, 1.7179445346164945]], "3": [[3.424583562657248, 3.8160749281236805], [2.840407817179291, 3.973091933898881], [4.942927096562251, 2.9184216496655146], [4.568929958867211, 2.5144267250522407], [2.797736508402229, 2.998460018121727], [3.361406198981922, 2.7179445346164948]], "4": [[4.424583562657248, 4.8160749281236805], [3.840407817179291, 4.973091933898881], [5.942927096562251, 3.9184216496655146], [5.568929958867211, 3.5144267250522407], [3.797736508402229, 3.998460018121727], [4.361406198981922, 3.7179445346164948]], "global": [[0.42458356265724784, 0.8160749281236803], [-0.15959218282070925, 0.9730919338988813], [1.9429270965622503, -0.08157835033448545], [1.5689299588672112, -0.4855732749477595], [-0.20226349159777088, -0.0015399818782731083], [0.3614061989819221, -0.2820554653835054]]}