{"0": 
    [[0.42458356265724784, 0.8160749281236803, -0.15959218282070925, 0.9730919338988813], 
    [1.9429270965622503, -0.08157835033448545, 1.5689299588672112, -0.4855732749477595], 
    [-0.20226349159777088, -0.0015399818782731083, 0.3614061989819221, -0.2820554653835054], 
    [-0.572479908460464, -0.48460974486922287, -0.12171122069495963, -0.6952902773332005], 
    [0.09814527036498732, -2.415984776117779, 0.9375733466968332, 0.3995452446493134], 
    [0.3309815765973166, 0.8221092166120371, -0.21613141863222077, -0.6795065735775344]], 
"1": [[1.4245835626572478, 1.8160749281236803, 0.8404078171792908, 1.9730919338988813], 
    [2.9429270965622503, 0.9184216496655145, 2.568929958867211, 0.5144267250522405], 
    [0.7977365084022291, 0.9984600181217269, 1.3614061989819222, 0.7179445346164945],
    [0.42752009153953596, 0.5153902551307772, 0.8782887793050403, 0.3047097226667995], 
    [1.0981452703649874, -1.4159847761177788, 1.9375733466968332, 1.3995452446493135], 
    [1.3309815765973165, 1.822109216612037, 0.7838685813677793, 0.3204934264224656]], 
"2": [[2.424583562657248, 2.8160749281236805, 1.8404078171792908, 2.973091933898881], 
[3.9429270965622503, 1.9184216496655146, 3.568929958867211, 1.5144267250522405], 
[1.7977365084022292, 1.998460018121727, 2.361406198981922, 1.7179445346164945], 
[1.4275200915395359, 1.5153902551307772, 1.8782887793050405, 1.3047097226667996], 
[2.0981452703649874, -0.41598477611777884, 2.9375733466968335, 2.3995452446493135], 
[2.3309815765973165, 2.822109216612037, 1.7838685813677793, 1.3204934264224657]], 
"global": [[0.42458356265724784, 0.8160749281236803, -0.15959218282070925, 0.9730919338988813], 
[1.9429270965622503, -0.08157835033448545, 1.5689299588672112, -0.4855732749477595], 
[-0.20226349159777088, -0.0015399818782731083, 0.3614061989819221, -0.2820554653835054], 
[-0.572479908460464, -0.48460974486922287, -0.12171122069495963, -0.6952902773332005], 
[0.09814527036498732, -2.415984776117779, 0.9375733466968332, 0.3995452446493134], 
[0.3309815765973166, 0.8221092166120371, -0.21613141863222077, -0.6795065735775344]]}