{"0": {"feature_0": {"mean": 0.42458356265724784, "std": 1.0}, "feature_1": {"mean": -0.08157835033448545, "std": 0.43527528164806206}, "feature_2": {"mean": 0.3614061989819221, "std": 0.2675805205867436}, "feature_3": {"mean": -0.6952902773332005, "std": 0.18946457081379978}, "feature_4": {"mean": 0.3309815765973166, "std": 0.1449559327355391}}, "1": {"feature_0": {"mean": 0.8160749281236803, "std": 1.0}, "feature_1": {"mean": 1.5689299588672112, "std": 0.43527528164806206}, "feature_2": {"mean": -0.2820554653835054, "std": 0.2675805205867436}, "feature_3": {"mean": 0.09814527036498732, "std": 0.18946457081379978}, "feature_4": {"mean": 0.8221092166120371, "std": 0.1449559327355391}}, "2": {"feature_0": {"mean": -0.15959218282070925, "std": 1.0}, "feature_1": {"mean": -0.4855732749477595, "std": 0.43527528164806206}, "feature_2": {"mean": -0.572479908460464, "std": 0.2675805205867436}, "feature_3": {"mean": -2.415984776117779, "std": 0.18946457081379978}, "feature_4": {"mean": -0.21613141863222077, "std": 0.1449559327355391}}, "3": {"feature_0": {"mean": 0.9730919338988813, "std": 1.0}, "feature_1": {"mean": -0.20226349159777088, "std": 0.43527528164806206}, "feature_2": {"mean": -0.48460974486922287, "std": 0.2675805205867436}, "feature_3": {"mean": 0.9375733466968332, "std": 0.18946457081379978}, "feature_4": {"mean": -0.6795065735775344, "std": 0.1449559327355391}}, "4": {"feature_0": {"mean": 1.9429270965622503, "std": 1.0}, "feature_1": {"mean": -0.0015399818782731083, "std": 0.43527528164806206}, "feature_2": {"mean": -0.12171122069495963, "std": 0.2675805205867436}, "feature_3": {"mean": 0.3995452446493134, "std": 0.18946457081379978}, "feature_4": {"mean": -0.6562944427889917, "std": 0.1449559327355391}}}